Endpoint,Method,Description,Target Threshold (ms),Avg Latency (ms),P50 Latency (ms),P95 Latency (ms),Max Latency (ms),Compliance Status
/health,GET,Health Check,<= 5000 ms,2.5,2.46,2.68,2.71,PASS
/api/dashboard/kpis,GET,Dashboard Summary KPIs,<= 5000 ms,16.16,15.62,17.53,17.8,PASS
/api/analytics/passenger-flow,GET,Passenger Flow Analysis,<= 5000 ms,108.24,108.63,111.39,111.81,PASS
/api/analytics/od-matrix,GET,8x8 Origin-Destination Matrix,<= 5000 ms,171.13,169.93,178.45,180.49,PASS
/api/analytics/peak-hours,GET,Dynamic Peak Detection,<= 5000 ms,53.31,54.47,55.24,55.33,PASS
/api/analytics/overcrowding,GET,5-Tier Overcrowding Classification,<= 5000 ms,14.25,14.79,14.87,14.87,PASS
/api/analytics/route-performance,GET,Weighted Route Scoring,<= 5000 ms,11.25,11.61,12.07,12.11,PASS
/api/analytics/delays,GET,Delay Severity Heatmap,<= 5000 ms,21.16,21.25,21.58,21.6,PASS
/api/analytics/headway,GET,Headway Regularity & Bunching,<= 5000 ms,2.03,1.96,2.23,2.25,PASS
/api/analytics/capacity-optimization,GET,Capacity Surplus/Deficit,<= 5000 ms,1.91,1.94,1.96,1.96,PASS
/api/quality/summary,GET,15-Rule Data Quality Summary,<= 5000 ms,1571.96,1583.48,1983.07,2015.04,PASS
/api/predictions/delay,POST,Real-Time Delay Inference (<200ms),<= 200 ms,6.77,6.6,7.88,8.14,PASS
/api/predictions/forecast,GET,14-Day Demand Forecast Projections,<= 5000 ms,4.21,4.23,5.45,5.7,PASS
/api/predictions/occupancy,GET,Hourly Crowding Risk Predictions,<= 5000 ms,5.62,5.47,6.52,6.58,PASS
/api/predictions/models,GET,Model Version Registry,<= 5000 ms,11.14,10.21,13.76,13.88,PASS
/api/recommendations,GET,Operational Recommendations,<= 5000 ms,2023.86,2038.28,2073.11,2077.22,PASS
/api/simulations/run,POST,What-If Policy Simulation,<= 5000 ms,125.93,122.29,147.25,151.36,PASS
/api/comparison/dual-pipeline,GET,Dual-Pipeline Comparison,<= 5000 ms,25.79,25.68,28.37,28.82,PASS
/api/clustering/routes,GET,Route Clusters,<= 5000 ms,4.68,4.78,5.41,5.48,PASS
/api/anomalies/detect,GET,Anomaly Detection,<= 5000 ms,3.43,3.25,3.97,4.09,PASS
