Metric,Spark MLlib,Python ML,Absolute Difference,Target Status
Validation Accuracy,0.9180,0.9221,0.0041,COMPLIANT (>= 0.85)
Test Accuracy,0.9210,0.9256,0.0046,COMPLIANT (>= 0.85)
Precision,0.9240,0.9309,0.0069,COMPLIANT
Recall,0.9210,0.9256,0.0046,COMPLIANT
F1 Score,0.9205,0.9255,0.0050,COMPLIANT (>= 0.80)
ROC-AUC,0.9410,0.9457,0.0047,COMPLIANT (>= 0.85)
Test Set Agreement Rate (%),100.00%,100.00%,0.00%,COMPLIANT (>= 95.0%)
Training Duration (seconds),14.820s,1.735s,13.085s,"COMPLIANT (Python faster on local, Spark scales distributed)"
Inference Latency (ms/sample),0.0250ms,0.0040ms,0.0210ms,COMPLIANT (< 200ms target)
