trip_id,actual,prediction,probability
T-013372,0,0,0.026207690424487687
T-010089,0,0,0.02713233470868443
T-020626,0,1,0.8034171440182345
T-004291,1,1,0.8766958443960725
T-006529,0,0,0.024681685436555537
T-004646,0,0,0.03492546972699879
T-003245,1,1,0.9023066669006076
T-015719,1,1,0.8386055904440409
T-008935,0,0,0.02879564874462625
T-014967,0,0,0.0336785665968014
T-023630,0,0,0.04066316897411199
T-001422,1,1,0.9322732064947834
T-020965,1,1,0.9591391229483575
T-020911,1,1,0.9459948818100287
T-019176,0,0,0.026511413220509584
T-008508,1,1,0.8992617142675182
T-005885,0,0,0.04641102961112456
T-016744,1,1,0.9338642620168871
T-008697,0,0,0.021687243072893856
T-001839,1,1,0.945652146043821
T-011319,0,0,0.01914108178193576
T-023419,0,0,0.025071571355733867
T-012755,1,1,0.9294720775276519
T-017043,1,1,0.866904721458768
T-017294,0,0,0.051237784047358965
T-024808,1,1,0.9191649054704859
T-006706,0,0,0.020056672954697694
T-014772,0,0,0.028976425403982604
T-003692,1,1,0.9529150159380726
T-016638,1,1,0.5606258104395638
T-004844,1,1,0.8594749362914011
T-023838,0,0,0.024624736857034504
T-013796,1,1,0.8142888733832947
T-017960,1,1,0.8523880311403996
T-017876,1,1,0.8008308271737244
T-009367,1,1,0.8290465327221113
T-002457,1,1,0.8946997959809323
T-003677,0,0,0.02331471543943321
T-016885,0,0,0.019754638611987462
T-023463,1,1,0.8213875507252771
T-021300,1,1,0.8619373938876757
T-005322,0,0,0.04066316897411199
T-016447,0,0,0.04066316897411199
T-000956,0,0,0.030506166895060482
T-005614,1,1,0.8544895163216215
T-008146,1,1,0.9496255859612177
T-018023,0,0,0.035771196731439386
T-013893,0,0,0.05752396032137911
T-018285,1,0,0.4442926682139353
T-003561,1,1,0.973196432846277
T-011540,0,1,0.9523008841568579
T-000012,1,1,0.9818859710488244
T-003349,0,0,0.0295732373135796
T-000342,1,1,0.9417392504238128
T-000779,1,1,0.9548885524102831
T-010747,0,0,0.05752396032137911
T-001603,0,0,0.05150979576313909
T-000373,1,1,0.9180664313005847
T-022515,0,0,0.020956938183407353
T-006128,0,0,0.024022400860956875
T-018756,0,0,0.027695372561508298
T-007582,1,1,0.9170519470989114
T-024939,0,0,0.02340124247693397
T-014370,0,0,0.028628379681466323
T-002557,0,0,0.03644754454469725
T-007101,0,0,0.023707516831105727
T-022272,0,0,0.030659538553227308
T-009053,1,1,0.7990417777147639
T-023178,1,1,0.7792198679640225
T-024237,1,1,0.87582530811595
T-022608,1,1,0.8827714697849791
T-015756,0,0,0.024747055780780267
T-021999,1,1,0.7737390966268001
T-022281,1,1,0.8756257999190082
T-010085,0,0,0.022623204816679413
T-005126,1,1,0.7908263663104868
T-022530,0,0,0.022624786694799604
T-001157,0,1,0.8309662307225557
T-003814,1,1,0.8187491346937865
T-000991,1,1,0.8836367345072191
T-004937,0,0,0.020592498964290138
T-015153,0,0,0.020592498964290138
T-015074,1,1,0.8342910735906347
T-024528,1,1,0.7817431167724341
T-024319,1,1,0.8798054998763835
T-021744,0,0,0.028487871769384936
T-017855,1,1,0.7676056967902336
T-001804,1,1,0.8534621147301404
T-007286,0,0,0.025917161723339573
T-017005,1,1,0.8760105538346191
T-007816,0,0,0.025938846366215327
T-010522,0,0,0.025861602051428685
T-008028,0,0,0.026201173774832172
T-014686,0,0,0.022497775357304704
T-023699,0,0,0.021757955320450825
T-006488,1,1,0.9502489586311723
T-015113,0,0,0.05980263270306839
T-003228,0,0,0.020830606370888856
T-008774,0,0,0.02694251874800624
T-013718,0,0,0.027362569482094815
